INSERT INTO clovek VALUES 
('04060008246', 'Timotej', 'Barbus', 'Hlavna 20', 'Kosice', '04011'),
('03080002674', 'Alojz', 'Hudaj', 'Trnavska cesta 12', 'Bratislava', '04017'),
('05062300595', 'Aneta', 'Jasna', 'Myslavska 85', 'Zilina', '04452'),
('29852300262', 'Jan', 'Silvo', 'Vojvodska 40', 'Humenne', '03856'),
('56552003579', 'Kristina', 'Vazna', 'Irkutska 76', 'Kosice', '05650'),
('74956232964', 'Simona', 'Lisova', 'Vyskova 28', 'Piestany', '03538'),
('26438595263', 'Alzbeta', 'Velebna', 'Bocna 33', 'Zilina', '05438'),
('02265000354', 'Stefan', 'Jasko', 'Tovarenska 1', 'Roznava', '05867'),
('00064895223', 'Tomas', 'Popuch', 'Jerenska 82', 'Kosice', '05868'),
('94592623314', 'Iveta', 'Blazna', 'Kolbenova 5', 'Zvolen', '02238');

INSERT INTO student VALUES
('04060008246', '64656296785220'),
('56552003579', '65686535433201'),
('74956232964', '78654934232135'),
('00064895223', '45686564564564'),
('94592623314', '98654698321567');

INSERT INTO emailaddress VALUES
('timotejbarbus@gmail.com', '64656296785220'),
('kristinavazna@gmail.com', '65686535433201'),
('simonalisova@gmail.com', '78654934232135'),
('tomaspopuch@gmail.com', '45686564564564'),
('ivetablazna@gmail.com', '98654698321567');

INSERT INTO ucitel VALUES
('03080002674', '26895646592', 'alojz@gmail.com'),
('05062300595', '63453453312', 'jasna@gmail.com'),
('29852300262', '48768569846', 'jansilvo@gmail.com'),
('26438595263', '05464568696', 'velebna@gmail.com'),
('02265000354', '04864565462', 'jasko@gmail.com');

INSERT INTO telefonnumber VALUES
('0904256384', '26895646592'),
('0965262322', '63453453312'),
('0904652682', '48768569846'),
('0908654623', '05464568696'),
('0900535694', '04864565462');

INSERT INTO spolupracovnici VALUES
('26895646592', '63453453312');

INSERT INTO teoria VALUES
('2021-04-05', '13:15'),
('2021-04-05', '18:00'),
('2021-04-08', '17:30'),
('2021-04-09', '16:30'),
('2021-04-10', '13:15');

INSERT INTO ucastnici VALUES
('64656296785220', '2021-04-05', '13:15'),
('65686535433201', '2021-04-05', '18:00'),
('65686535433201', '2021-04-08', '17:30'),
('98654698321567', '2021-04-05', '18:00'),
('98654698321567', '2021-04-08', '17:30'),
('78654934232135', '2021-04-09', '16:30'),
('45686564564564', '2021-04-10', '13:15'),
('64656296785220', '2021-04-05', '18:00'),
('78654934232135', '2021-04-05', '13:15'),
('98654698321567', '2021-04-10', '13:15');

INSERT INTO vyucujuci VALUES
('26895646592', '2021-04-05', '18:00'),
('63453453312', '2021-04-08', '17:30'),
('04864565462', '2021-04-09', '16:30'),
('04864565462', '2021-04-10', '13:15'),
('63453453312', '2021-04-05', '18:00'),
('63453453312', '2021-04-05', '13:15'),
('26895646592', '2021-04-08', '17:30'),
('48768569846', '2021-04-10', '13:15'),
('48768569846', '2021-04-05', '13:15'),
('05464568696', '2021-04-09', '16:30');

INSERT INTO auto VALUES
('562626459746262', 'Mercedes', 'KE356UI'),
('354635434534535', 'Audi', 'KE895RE'),
('045324863834543', 'Skoda', 'KE357DA'),
('537868946398395', 'Mazda', 'KE079JO'),
('864534123873383', 'Fiat', 'KE652KI');

INSERT INTO jazda VALUES
(1, '2021-04-10', '16:30', '562626459746262', '65686535433201', '26895646592'),
(2, '2021-04-11', '14:15', '537868946398395', '64656296785220', '04864565462'),
(3, '2021-04-15', '18:00', '354635434534535', '45686564564564', '63453453312'),
(4, '2021-04-13', '16:15', '537868946398395', '64656296785220', '48768569846'),
(5, '2021-04-10', '15:45', '562626459746262', '65686535433201', '04864565462'),
(6, '2021-04-11', '17:45', '045324863834543', '78654934232135', '63453453312'),
(7, '2021-04-10', '15:00', '864534123873383', '98654698321567', '05464568696'),
(8, '2021-04-10', '18:00', '045324863834543', '98654698321567', '26895646592'),
(9, '2021-04-13', '17:15', '562626459746262', '65686535433201', '05464568696'),
(10, '2021-04-14', '16:45', '045324863834543', '78654934232135', '63453453312');